"c_He","c_fe","c_feos","c_frecv","c_fcross","sentence_id","delta_joint","delta_joint_inc"
-0.00296490872851751,0.00434951024772201,0.00511951545971034,-0.000810787445431282,-0.00261763231699041,"S001",-0.00218278030750518,0.0081232791587551
-0.0085719766853698,-0.00754465767599699,-0.0122217804656894,-0.0113177514080023,-0.00571553698062188,"S061",-0.0422065025097389,-0.029462556411997
5.459864006363e-05,0.00113583927650862,0.00138270962083653,-0.0035586716050805,-0.000932558944539363,"S059",-0.00362070801126368,-0.00207594572182779
-0.0139751961156684,-0.0063751803159029,-0.0075780211367591,-0.00166917131369093,0.00320924438612846,"S057",-0.0255797716720869,-0.0334451966430018
0.0030400216235289,-0.0242643594505723,-0.0258866136380027,0.00116186487727843,0.00148334276728401,"S014",-0.022030671449295,-0.0334543832976626
0.0195456774264375,-0.0152996164952759,-0.0189667092094741,0.0136444423346389,-0.00826888603008413,"S004",0.0172024276989498,0.0216579979302587
-0.00922149632933722,0.002855841674965,0.00293276961879141,-0.000246696133835322,0.00515750966509199,"S054",-0.00424946876358023,-0.00875857424889692
0.000307731597440908,-0.00182166942330997,-0.00688880380227963,-0.0045956449916682,0.00112587315973145,"S017",-0.00798360497646144,-0.0101660274489945
-0.00147782668928165,-0.00202083444530132,0.00175487054401235,-0.00109313304632186,0.000928518579264348,"S060",-0.00309767762421953,-0.00479798967226741
-0.000905596455180846,0.00317337250724448,0.00298740422327515,0.00166370746061306,0.000436970816584226,"S003",0.00466526029133418,0.00527267282024146
0.00301989641113076,-0.00722092281325803,-0.00639238497872108,0.00361957040230432,-0.00114891057236899,"S006",-0.000332021208693689,6.46286566845511e-05
0.00424799130934406,-0.00817025584247899,-0.00523677921552346,-0.00552059667361715,-0.00709212913020951,"S002",-0.0166586862174769,-0.00764067247136402
-6.8949301206267e-06,-0.00572584813887533,-0.00525015617593039,-0.00808656843828914,-0.00375016543465301,"S062",-0.0212974705503375,-0.00674308796809675
-0.00770712673640706,-0.00682674871121614,-0.00163858078633972,0.00164348201141729,0.00355751632614987,"S007",-0.0115892828305602,-0.0213503164886064
-0.00802846166673055,-0.00890907288326948,-0.0117061090522751,0.00119748892892202,9.70409913771952e-05,"S010",-0.0249134119085636,-0.0248138638224997
-0.000334778970597416,0.00198497476787973,0.00127356243731347,-0.000348380984622976,0.00235288987452198,"S031",0.00360463632700392,-0.000562934413950611
0.00201335462611074,0.00321754947612907,0.00897363019015174,0.000865235907512973,-0.00318707746200908,"S055",0.00576291345617874,0.0178525424934246
0.00718749533164442,0.00422254503042696,0.00543613680085808,-0.000963035644294341,0.00427179164767799,"S013",0.0137003193221411,0.00538438331094104
-0.00322876154431606,0.00469272074562199,0.0086883388944885,-0.00435241188834468,-0.00883450634478056,"S011",-0.0122082912373476,0.0117105071429551
-0.0030295838794987,-0.0130919451048535,-0.0140802707847949,0.00308385275878509,0.00288111863386842,"S008",-0.0130463696755505,-0.0271763823107467
-0.0022416888323018,0.00308577279099231,0.00246476812668694,0.00211149493700047,0.00356878447450648,"S032",0.00625007268629196,0.00132386324035583
-0.000769505167821372,-0.00155974268686543,-7.11088519766978e-05,0.00156427269382275,-0.000126992383921776,"S005",9.6096342053098e-05,-0.00103025940838308
-0.00462362210577116,0.00174285713567368,0.00361130453026015,-0.00768351872066875,0.0030151852998781,"S016",-0.00957676538240948,-0.00618933311355385
0.00449213670716619,-0.0107881508151302,-0.0092843084213543,0.0042435617634784,0.0043701735568773,"S009",-6.40141266869954e-05,-0.0163871288461221
0.00240296706586163,0.00727820550132319,0.00736455244638479,-0.00161200341304246,0.00053087547560482,"S012",0.010431427041522,0.0121352574411207
-0.00776645796757636,0.000585646585128607,0.000245924951152499,-0.00103498572262839,0.00276074009750771,"S053",-0.00723265544947016,0.00230037108333458
0.00474036556940738,-0.00298179730880821,-0.00356267848679548,1.70189632910933e-05,-0.00581303436048142,"S019",-0.00213199870132486,0.00808025787690503
-0.0106373125106034,0.0070800519139087,0.0102058684411754,0.00247166505508667,-0.00316903479005926,"S092",-0.00395533560658867,0.00729537185838991
0.0037153266261325,-0.00352972691806519,-0.00229105565190135,-0.000412507050630229,-0.0036478094518746,"S157",-0.00252542228155117,0.0095581275942247
0.000733269643989787,-0.00570537933862458,-0.00696407489869166,-0.0011740386788468,-0.00387192804366432,"S083",-0.0110246867693086,-0.00221421534066413
0.00152281311966473,0.0106057048570609,0.0130541150962444,0.00312546956311999,-0.000172152037642537,"S155",0.0191160476162235,0.0258566926215498
0.00907386483354378,-0.00207654005741698,0.000384133933899689,0.0035295406788336,0.00019795735627004,"S156",0.0150384946973039,0.00906870837057272
0.00225777598828381,-0.00566980035868414,-0.00591398460547476,-0.000436104751709632,0.00105205796106822,"S089",-0.00296397296759721,-0.00847803317631546
0.00239798135162395,-0.000789650975613565,-0.00388458871741126,0.00104944280988017,-0.00760226715244849,"S095",-0.00737495564538659,0.00622568932154777
-0.00244896883990897,0.0038357990511062,0.0024961626345178,-0.00196171686830837,0.0023385409644836,"S085",0.000385010228373006,-0.0060680532339108
-0.000835637641303455,-0.00222361391766235,-0.00272680604778741,0.000941410800834763,-0.00141787965428097,"S098",-0.00294966795843132,-0.0042376676057545
0.0019170343025896,-0.00212688560739882,-0.00194748914556553,7.87889377800166e-05,-0.00030527868678587,"S158",0.000154277783648293,-0.00153722785132238
0.0081793570550317,0.0108771349241124,0.0171456120284743,0.00504767694678709,0.00431879176290595,"S154",0.034080995710642,0.0294673978609241
0.000844226742904075,-7.00372281112749e-05,-0.000482131625790916,0.00313974682680362,0.000989996826916251,"S101",0.00605938114986393,0.00477235888558758
-0.000326610626926849,-0.00247975334237549,0.000134914312075018,0.00750498232550934,-0.00484433692219244,"S088",0.00107933275576255,0.00939274241874677
0.00422089249774715,-0.00431659519577199,-0.00621535342825741,0.00152303261869768,0.000652911111770571,"S100",0.00202799869410741,-0.00666877015567957
-0.00292029104822766,0.0074711095777652,0.00668439323442738,-0.00480876505019745,0.00766485532634542,"S102",0.00750166112396233,-0.00433381059297844
-0.00103418459286342,0.0037363076631125,0.00241233875018532,-0.000349804977687107,-0.00106677503886132,"S094",0.000851282020886135,0.00753812963344203
0.00949153260196645,-0.00213482415383082,-0.00363691049098702,-0.00348019270589273,-0.00372181369631264,"S093",0.00135879337554501,0.0100539322742901
-0.000618354015822886,0.0041280107654591,0.00446726130338826,0.000797262261543974,-0.000679568004975595,"S159",0.00455885237854625,0.00723212016860786
-0.00179273937004565,0.0071010623657839,0.00822560653355486,0.00317839325288216,0.00511649336763709,"S160",0.0149794291021059,0.00469086906030869
-0.00432956945224472,0.00631942048361767,0.0111275839632813,0.00605575690559723,-0.000407301156424622,"S086",0.0109013259377853,0.0170840359730545
-0.00622967485220993,-0.00101790661098988,-0.00249620602028666,-0.00063735011147914,-0.000985521192803152,"S097",-0.0117023729437784,-0.00848725707572529
-0.00725092973881813,0.0059764966667808,0.0056606773702399,0.00570865072466042,0.00486768306560736,"S161",0.00895985160614665,-0.000870965559415682
0.00791097152707632,0.00556860935353931,0.00830084738785675,0.00346509928722349,0.00383761927859905,"S084",0.0253160434292566,0.0219531919662633
-0.00240278962256113,0.00278361190198395,0.00229535845253803,-0.00238041691921076,0.00277261638906512,"S162",-0.000277586648097072,-0.00587516913530006
-0.000202214192901895,0.00188267761224736,0.00383095030026781,0.000552243450964607,-0.00147296317666767,"S087",0.00246208695394845,0.00515050324088984
-0.00113530116847183,0.00297787891849755,0.00414261178714681,0.00110258510846939,0.00102916631258876,"S153",0.00415811688714296,0.00310838241013522
-0.00268602603336765,0.00506692103649842,0.00663363745380363,0.00102321589547327,0.00167480580107005,"S099",0.00591079443668185,0.00258643367751632
0.00336890442252713,0.00344639622456033,0.00787076128334685,0.000801870118121162,-0.00500311272917586,"S090",0.00490471555467131,0.0167936651489546
0.00916332663268271,0.00986296821653521,0.00859731692395505,-0.00356175322924468,0.0102635529008783,"S096",0.0267866088086979,0.0102928060950309
0.000718062111785045,-0.00391587878415289,-0.00244123270554364,-0.00142211875811338,-0.000992975054014522,"S091",-0.00617316652481159,-0.0101416866767086
0.0116596295448601,-0.00208300810919337,0.0037717914833777,-0.00204396552849229,0.0015671754395179,"S021",0.0136769805446542,0.00540442934517738
-0.000579131214196948,0.00464675521052427,0.00797965234202458,0.00360524867653456,-0.000129744156232681,"S039",0.0110630003963397,0.0158463563732663
0.000308586227081964,0.00195212766569197,0.0033666663017422,0.00246158207829028,0.00225802374945694,"S024",0.00855824128430038,0.00485461990218572
-5.11079864362607e-05,0.00931733319480144,0.00702888990538375,-0.00448646739712477,0.00555005930010088,"S026",0.0104852984242562,0.00755572444595309
0.00311505478563334,-0.00362196715693974,-0.00109640001116973,-0.00324890281388046,-0.00401301399662679,"S018",-0.00790305069333885,-0.00301871811050991
0.00257395439214037,-0.00842181185647672,-0.00979493492778638,-0.00216203029178441,0.00422157544583857,"S038",-0.00627216568590461,-0.0187359533666025
-0.00045162096500384,0.00282438349145375,0.00414546240916935,0.000517265091888985,0.00147288513505517,"S025",0.00470126699369278,0.00399995995675029
0.00289757263879364,0.0102388747025615,0.0126801287942175,0.000312419602471525,-0.00197231209307636,"S029",0.0136427847626965,0.0299742904371973
0.00179003852170445,0.00157308058238725,0.00339671379980966,0.00341330721724953,-0.00327835210996952,"S034",0.00537806174227395,0.0113771433773633
0.00298758154819678,-0.00242773728022461,-0.000725505426752315,0.0006474335430664,0.000650914862643015,"S028",0.00321976835430715,-0.00580666023588527
-0.0011027846863747,0.00292354400643635,0.00870145188006788,-0.00305503512242167,-0.000214070922424314,"S023",-0.00159487006916681,0.00418702560270923
0.000561404989539938,-0.00640955265639898,-0.00724028859134007,-0.000618115849454703,-0.000137148142631549,"S040",-0.00750038947172449,-0.0107074791375326
0.00239052646160332,0.000785695872038472,-0.000564006936326189,6.6647998305136e-05,0.00032908454495395,"S027",0.00403993654525459,0.00487430189137328
-0.0121979299905306,0.00487494888728635,0.006636423616311,0.00440540561481573,0.000849156330966716,"S022",-0.00208144284951928,0.00250588850194045
0.00186518455753859,-0.00170948788610303,0.00145415958484008,0.00503417640542603,-0.00886884660383713,"S033",-0.000743051324852084,0.0141146212334624
-0.00613727072637338,0.00725442369745943,0.000898368895492885,-0.0099230107744599,0.00492167571438284,"S037",-0.00855739955057611,-0.00269116112158607
0.00280244693198983,-0.00463985980611437,-0.00096711000448213,0.0029612235025227,-0.00662878325223781,"S035",-0.00315640230966729,0.00792649347965213
-0.00531695870296489,-0.00431872674611755,-0.00348145715803705,-0.0006292910660195,-0.00801628498407281,"S042",-0.0211020212986592,-0.013645913312814
-0.00299175919780659,6.27125808689843e-05,0.000479011468532464,-0.00307723335856935,-0.000477929434159696,"S133",-0.00749134716567457,-0.00101581320959609
-0.00522035385466446,-0.0124224668581716,-0.0196471923398127,0.0132692847720244,0.000178610813085012,"S132",-0.00771102283731184,-0.0198813823495587
-0.000953398956663465,0.00235819097361634,0.00595063380105998,0.000869131328697925,-0.00300798329706531,"S126",0.000100683962459103,0.00640271642152479
0.00266444898675422,-0.0110733596382878,-0.00836346968889867,0.00401481243525381,0.000194612829190421,"S147",-0.00414323924375393,-0.0111606821665909
-0.000899606922823759,-0.00223262423192394,-0.00280854090175953,-0.000615122122960443,0.00360160204710902,"S145",-0.0011148575865747,-0.0102292752788209
0.00376047675304858,-0.0135237234691454,-0.0159967112375592,0.00215393324897306,-0.00312338914698818,"S146",-0.0108822374753199,-0.0143933789069501
-0.00362032218982922,0.00987557838889319,0.0104296612278891,-0.00540077889397461,0.00276740830323907,"S131",0.00364341219822084,0.0081450541129291
0.0015090594531566,0.0114176125507575,0.0121547290060051,-0.00569655555633619,0.00555769167674103,"S142",0.0144576081983041,0.0098309376740684
-0.00161535883621777,0.00679288623681207,0.00550366685309123,-0.000103043236153511,-0.00056973878227673,"S141",0.00524570325590745,0.00340964707500402
-0.00403504658675491,0.00751572705204362,0.00720255233503098,0.0012386104885147,0.000555002058493681,"S130",0.00483487608926247,0.00901258575197472
0.00534365681455773,0.00583104527965328,-0.000147517429307742,-0.0110139000630674,-0.00283642535113748,"S127",-0.0066120606761646,0.00986766213253887
0.000486262189093978,-0.000713300731854494,-0.00190127432097253,-0.000557515637298112,-0.0030416755975966,"S140",-0.00476051062503791,0.00205839828306353
-0.00227233024735807,0.00103614016974385,0.00112358478323893,0.000325944968995073,0.00291815083292457,"S149",0.00215999598991534,-0.0027776533794891
-0.00591653298189798,0.00597418786121762,0.00387029285412344,8.532499212488e-05,0.00295790875567103,"S148",0.00159980091926148,0.0055070178384311
-0.00446970746197439,0.00122623836319569,-0.00242392251406354,-0.0013532997146829,0.00179486476723101,"S136",-0.00551474865712087,-0.00290908685227687
-0.0017276054770955,0.00599592406549154,0.00743426571741812,0.000693206598900598,0.00125412034797745,"S134",0.00752454984165329,0.00964441905071489
0.0010829140259192,0.00600394659179027,0.00108744356969681,-0.0051026749442844,0.00669552806355744,"S135",0.00667032057881523,-0.00963272416009575
-0.00635560134735036,0.000477095986198051,-0.000932171716319874,-0.0019706226312417,-0.00436283147919214,"S125",-0.0159085940123195,-0.00876566932412559
-0.00452295596221108,-0.0124818154335649,-0.0106443225490849,-0.00151509798334937,0.00137386467830281,"S144",-0.021676449629195,-0.0138147479783095
-0.00396115854431445,0.00804699547093013,0.00364253898304923,-0.00123785556563671,0.00178900812669092,"S138",0.00316479714197992,0.00129117375459176
0.00111816245905549,0.0120711054287097,0.00760184519567519,-0.00439897360349661,0.0113753078035814,"S152",0.0199706503763661,0.00382048193136941
-0.0026160005164495,-0.000990227544531042,-0.00121398767694303,-0.000106433365645531,0.00018463005054481,"S151",-0.00550905084599962,-0.0101006991812391
-0.000356663178835204,0.00140817665073079,0.00308165663938076,0.000666916971390208,-0.000236637143261831,"S150",0.00297781010918163,0.003731833166005
-0.00186455546052411,-0.00429769891722298,-0.00646707645564737,-0.00427769209514595,-0.00101754358478501,"S137",-0.0149062110970852,-0.0146846168034007
0.00302439980506741,-0.0137565103241353,-0.00372196350423892,0.00248179450802533,-0.00369410294709627,"S124",-0.0115061343245431,-0.0114846162355731
-0.00660055431166762,-0.0111904643833203,-0.0104602512859961,-0.00264519001037233,-0.00483130113980934,"S123",-0.0327253051454621,-0.0157099826140503
-0.000532806773444916,0.00267431315131805,0.00522614011875677,-0.000646679619811019,0.00174927890580645,"S143",0.00356845006565032,0.0020800264672769
-0.00249755492136838,0.000627248689955451,0.00847688277074643,-0.00322426811516019,-0.000429162472951994,"S129",-0.00524035711633641,0.00135205372197911
0.000380350727754886,-0.00326017633620124,-0.00448542592921952,-0.00477597667336105,-0.000227285496001484,"S139",-0.0100547537005302,-0.00572197651939699
-0.000738293410654234,-0.00697836700631549,-0.00335049802610221,-0.000630166892470863,-0.0047467291872717,"S020",-0.0135368760958062,-0.00582704060085837
-0.0158326433901348,0.00773622814256503,-0.00229889236384317,-0.019908728557394,0.010789773427659,"S015",-0.0270423336177827,-0.0252356107030094
-0.00678851245233858,-0.00619940561741594,-0.0125473048632767,-0.00525876406853198,-8.59298269937359e-05,"S030",-0.0285872106126297,-0.0359522626043829
0.00187689734045438,-0.0120615095748438,-0.0138741570277541,0.00440899909306358,-0.0104059235860874,"S185",-0.0163193387793226,-0.0112521653526898
0.00966347690494018,0.00271618564974974,0.00122028786281203,0.00594796170261658,0.00209926397930782,"S195",0.0233961800859119,0.0147209789304135
0.00957446099817183,-0.0104413388780216,-0.0125213223995158,-0.000910310131867043,0.0043240431388214,"S193",0.0016467353982339,-0.010709279831181
0.00919156209545635,0.00650182908018637,0.00267251706869209,0.00302958031343015,0.00428362364968571,"S188",0.0235727541670772,0.0171143541795975
0.00281909061508667,0.00311783676378719,-0.00736430999128301,0.000666529897801693,-0.00893005157825821,"S200",-0.00660387456186329,0.0105221814129288
-0.00177843442330916,-0.0108208167595663,-0.0155944871561962,0.00395557320351392,-0.00775271431078672,"S197",-0.0198459913406168,-0.0071027689861145
-9.47788043257347e-05,6.84359771248033e-05,-0.000929915073685672,0.00145183383429037,0.00265513755807678,"S041",0.00385936335952608,-0.00463892131351873
0.00381552229014659,-0.00108821362247169,4.76006880576474e-05,0.00258805479516555,-0.00238091804270013,"S198",0.00502292209856336,0.00544519175110825
-0.00397010449067858,-0.0117002425542749,-0.01553585651345,-0.00749012320148679,-0.00199197267878448,"S189",-0.0331373846274305,-0.0230837299863427
0.00280585469250338,-0.00627546981232863,-0.00545405204708183,0.00166209803723549,0.00218987957919192,"S079",0.00114874730206305,-0.00900736333841579
-0.00262326670189772,-0.00213773335192924,-0.000170869597811318,-0.000785202968190957,-0.00345863149114467,"S196",-0.00961234155513968,-0.00580222240264994
0.0184327215027993,0.0146448142164339,0.013094524436835,-0.011745641579072,0.0101759511564758,"S184",0.0360493337895607,0.0263396536241678
-0.00384001509915621,0.00159899087307425,0.000683082090559006,-0.000513239292796674,0.003077332811801,"S194",-0.000862992520253902,-0.00554148632971518
-0.000365387329688938,-0.000813343898141028,-0.00213954098764901,0.00325187252943993,0.00181404372435368,"S186",0.00429356187666086,0.00185540248875093
0.00588800997828431,0.00343621900836122,0.00421302195758155,0.00430250748844796,0.0066099144095213,"S191",0.0242216198379523,0.0053114394354119
-0.000763851780352764,8.9082770409199e-06,-0.000361373372594453,-0.00168204544294759,0.00222478222943456,"S182",-0.000730151115185596,-0.00352514027966211
0.00313291895720647,0.00137660977548171,0.0059755316359984,0.00531923578578741,-0.00532961925394515,"S112",0.00947812673709203,0.0211960022912643
0.002632314679482,-0.00658710687548547,-0.00650914835845096,0.00450739808576217,-0.00187541579570638,"S120",-0.000922943564027223,-0.000523677023239966
0.00207656774151244,0.00197902882568868,-0.000268627766870311,-0.0011582026777992,0.00321115521516169,"S165",0.00614130774865329,-0.00186541254359873
0.00270297990695323,0.00570207842333559,0.00377278084882571,-0.00624710016139152,-0.000297282732006132,"S109",0.0018517884437339,0.00681634913654783
-0.000495545168453404,-0.00498097915628837,-0.00326819873802764,0.000512510120813658,-0.00344650396163471,"S111",-0.00781086071722603,5.92803766523708e-05
5.45643556726372e-05,0.000693601425064916,0.00141236832091618,-0.00057493189204838,0.00117992195626404,"S121",0.00230499370904214,0.000196178529948687
-0.00444658387230734,-0.00206149469410866,-0.00106425087487838,0.00785713978885116,-0.00260703357157466,"S164",0.000119044206214003,0.000655319080012484
-0.00756825265087757,-0.0079856852092195,-0.0130288250778934,0.00435948880385983,-0.00767590260435203,"S118",-0.0232357043015143,-0.0164978739861306
-0.023071127742514,-0.00137665314869495,-0.000403165466732913,-0.000776844460603776,-0.001028854819076,"S163",-0.0369391104684031,-0.0355052808041487
0.00100766670192343,0.00472057426785522,0.00368406756180295,-0.00218983972716424,0.0045491399419455,"S108",0.00926073708546149,0.0046946738029553
-0.0108875374308113,-0.0233913071999967,-0.0196290763433726,0.00185048260807541,-0.00491229518125569,"S103",-0.0438259204363372,-0.0319884182863526
0.00150307670628935,0.0113544588474455,0.0145000832456177,0.00345378579752964,0.00563583873227835,"S107",0.0263049416093954,0.0265296950570355
0.00869400917200025,0.00375797373205944,0.00317659905178624,0.00093337986467068,0.00630908809896114,"S122",0.0216558979750778,0.00688568783161037
0.00682106179407693,0.00794015580915741,0.00923349609192736,0.00301377932310398,0.0158928082163079,"S116",0.0349341523155919,0.00378371961613033
0.0066354664185948,0.00401922233502816,0.00457038035580082,0.00123068373853008,0.00440340990766552,"S167",0.0181736711583191,0.0136199837426283
-0.0122691563579851,0.01024535100052,0.0103063724019783,-0.00346973659308114,-0.000726707436189411,"S171",-0.00791763299064541,-0.000993093675520473
0.000112151679767303,0.00202868363081166,-0.000237605548762732,0.00518069408936539,-0.00200972410255984,"S166",0.00644470839134748,0.0112723232418799
0.00447205168285936,0.0214858920646428,0.0248207235195066,0.00897103690438583,0.00642981131589582,"S115",0.0480995498027852,0.0429329715746785
0.00143580065925586,-0.0114093484407953,-0.00660154031630888,0.00323777122065416,-0.0101406424454937,"S114",-0.0175601747969127,0.00106766940580361
0.00925674770605145,-0.0084415800459483,-0.0056013468219287,0.0027436032913053,-0.0026088913446134,"S104",0.00593922468479624,0.00042758909952112
0.000550775900135303,0.0042533665743123,0.0102694324889956,0.00744994601832571,0.00587918375652419,"S119",0.0226720739970472,0.0166184457685865
-0.00458386368319386,-0.00185965322921411,-0.00528411887711933,-0.000105928418545842,0.00464836444961736,"S106",-0.00449834640868141,-0.0173257638468101
-0.00442921495658322,0.000205591469294886,0.00181146257448095,-0.00328169999499384,-0.00389225629764445,"S110",-0.0140328161480259,-0.00231944482670698
-0.00388355813969454,0.00914168043011565,0.00851970946194847,-0.00950449182112401,0.00534961529588984,"S169",0.000438838970539202,0.00211888536392157
0.00274356931895103,0.000425953440908788,0.00156178295435816,-0.00178074970706898,0.00255056835934653,"S168",0.00454117246956609,-0.0042596887306563
-0.00858711894005948,0.00818843720119666,0.00647789193289139,0.00857170192414203,0.00498884867196048,"S128",0.0129393638612179,0.00593804067832315
0.00411227863501806,-0.00178527503287174,0.00386488134821161,0.00551541268795619,-0.0010377715743326,"S190",0.0114760155419982,0.0106860681634138
0.00158201615963982,-0.00273830697818345,-0.00352487377298916,-0.00501745463656234,-0.00389524494673321,"S187",-0.0127818043455005,-0.00720977435543102
0.00196825758895747,-0.00555304866938311,-0.00245936994327467,0.0023370712884383,0.00189068607441079,"S183",0.00198364113745231,-0.00310673751281976
0.00177696195436805,-0.0102551422025953,-0.0173992914314416,-0.00832230290884728,-0.00473838167136387,"S192",-0.0282257325326383,-0.0244471567011904
0.00307228460560616,0.0102555490058422,0.0043469883972016,-0.00407196513872643,-0.00736776977870401,"S199",0.000685899412347535,0.0216410874992299
-0.00491054835153237,0.00724040832820028,0.0111858195742998,-0.00502765150823559,0.000606072813093994,"S058",-0.00232350339415799,0.0052340063635351
0.00207273601627245,-0.00209287279425396,4.54821237581005e-05,0.000837732749347841,-0.00309384613426933,"S049",-0.00177684813296386,-0.00370860429077524
-0.00455484920202964,0.00813054383583767,0.00454204738255781,-0.00556020353716025,-0.000942119089521576,"S043",-0.00554754050975892,0.00356442516013744
-0.00516659780226902,0.00392256075105335,0.00517582559437635,-0.00733472809897373,0.00257253292676296,"S045",-0.00816564288368671,-0.00868733708015013
0.00618726530979918,0.0144919001014741,0.0125688524563783,0.000277774020102539,-0.00160836304651824,"S113",0.022736185752994,0.0305504982542091
0.00249612088441686,-0.000416014645751139,-0.000343908248973568,-0.00046827304248731,-0.000343907654694497,"S105",0.00219161544257385,0.00147134812784544
0.00207937886095944,-0.00656389666196133,-0.0123347778092127,0.00355404299916562,0.00208652658587827,"S036",-0.00064643604721204,-0.0116156546204111
-0.00301552251608173,5.13368912059553e-05,-0.00202173075355239,-0.00119754197774158,-0.0018371713055505,"S081",-0.0083632989134681,-0.00462648404963439
-0.000964964097023069,0.0033826068608005,-0.000911017028576877,-0.000864070936101635,0.00213149988992312,"S048",0.00189263011510699,-0.00392828313020743
0.00360004869773811,0.0035795405479262,0.00271457415138276,-0.000166418229647691,-0.0046480537057747,"S078",0.0039152230659536,0.0128708291296249
0.00634147324727286,-0.0105467032410962,-0.00892862189763788,0.000995334635840894,-0.0051973245163266,"S076",-0.00646360684656266,-0.00541266411785402
0.00196410596404639,0.00307716814354286,0.00441234083586428,0.0012621833849652,-0.00174672964325684,"S077",0.00611105326432237,0.0116428652984273
-0.00296600070897912,0.0016021969903417,-0.00086206918184617,-0.00061375009290332,-0.00339953363281387,"S052",-0.00719170901785326,-0.00498699649689627
0.0075856549882205,-0.0147470677160939,-0.0281222319020291,-0.00475737752659677,0.00184171806137234,"S044",-0.0188777638622049,-0.0285173042326412
0.000287706517683839,0.00199432353031304,0.00617651105762884,0.00257705953660436,-0.00628120015544176,"S051",0.0015909298058141,0.0127605560542423
-0.000985554340470207,-0.00757887672875746,-0.00813426839415943,-5.05847698144546e-05,0.00166044481497507,"S047",-0.008645855395222,-0.0149040206884851
-0.00531889566151,-0.00818834531466206,-0.00519947174980162,-0.000326431140155847,0.00201744944557181,"S073",-0.0154364298574312,-0.0227385248517147
0.00087388962501822,-0.00122080726197604,-0.00187558733509652,-0.00164731721404243,-0.000524656607011731,"S074",-0.0027802120909044,-0.00448191995758485
0.0261401190094666,-0.0255437349980763,-0.032783684585352,-0.00176048819677921,-0.0177783821582198,"S050",-0.0158761813902368,-0.000311079911056611
-0.0055723077874299,-0.00136323134724803,-0.00725305320460046,0.000117098492961709,0.00246441048315083,"S080",-0.00845255862549421,-0.0175827295351452
-0.00647463861511877,-0.0100164898440902,-0.0107075169015534,0.00125282054131259,-0.00923831964197797,"S056",-0.027983053690132,-0.00847560413756576
-0.00524150576254834,0.00578429755561394,0.00444323067392194,-0.000417560510324932,-0.00083929884075018,"S082",-0.00153912208627371,0.0075636253876632
-0.00511219483387193,-0.0147306537232352,-0.0167762848494333,-0.0121145672171488,-0.00458522570596731,"S046",-0.0463470250207789,-0.0306386974795858
-0.00524277135690321,-0.0127341650818011,-0.0135047231907941,0.00335575127086063,-0.00275743484038005,"S075",-0.0204649492338198,-0.0262189404369118
-0.00242697420925708,-0.00146299233762281,-0.00509600843667113,0.00163116598840229,-0.00601330119817867,"S066",-0.0098059170743523,-0.000505503665908957
0.016211028043446,0.0208527079944865,0.0256536179274374,-0.00342154659454352,0.00408882671352173,"S067",0.0424555032525711,0.0468727833709937
-0.0168132190483106,0.00770145456699689,0.00943713751547604,0.00158712128182303,0.00983242091383674,"S063",0.000587518602675363,-0.00947159819170285
-0.00256812072424184,0.00132605855591095,0.00482415711376771,0.000942617064852991,0.00276386075324653,"S065",0.0033571343935721,0.00226662011716483
-0.0023371532611558,0.00752386285137541,0.00506897775254345,-0.000278593051987297,-0.000925553214383257,"S069",0.00304235146355514,0.0104178174454397
0.011878031084321,-0.00305913148668324,0.000666114639764404,-0.00144728399428495,-0.00200204218647748,"S068",0.00982655713752156,0.0154131369136594
-0.00156766110352224,0.0027181599696231,0.00356998441516754,-0.00181867436990912,0.00057760714480537,"S071",-0.000825989510276237,-0.000311650265157004
0.0026890439870767,0.00345573851303171,0.00781651349787649,0.00220037221632774,-0.00188614450569691,"S072",0.00978338890190922,0.0136664280482712
-0.00406679587747627,0.0056823307045728,0.00642078077891028,-0.000930726266997972,0.00259147793913939,"S070",0.00393040259894128,-0.000109528916776291
0.000610361156724859,0.000262924025769218,-0.00218276808590501,-0.000532860417866599,-0.000460860276945474,"S173",-0.000826798202019696,-0.00190992666015599
0.0028311441550577,0.00886501914190108,0.0140811239372129,0.00609245446682327,0.000778641489059817,"S178",0.0239999594951448,0.0228999820170486
0.00222848533502429,-0.00810092580370547,-0.00680386339147099,-0.00236964048227961,-0.00194653307669823,"S177",-0.0108207685952387,-0.0129215631649773
0.000843519403451398,0.0103785016863271,0.0101580379500487,0.00216636809048887,0.00264350116491008,"S176",0.0173311185831545,0.0185372103236605
0.00405446588470726,0.00243376624991143,0.0044827764997224,0.00330432354106347,0.000595989971079236,"S180",0.0137339654863695,0.0118548053868972
0.0047595524077928,0.00776504879641216,0.0102320846216093,-0.00383849103475697,-0.00516363761495742,"S181",0.00633617359053484,0.0233864189027377
-0.0036714988413804,0.000785196669679467,-0.00174369775013594,-0.00445947693797599,-0.00133526496535885,"S179",-0.0115263437956588,-0.0106184454939386
0.00306700538154858,0.00143260980764748,-0.00197509987946243,-0.0077938558509264,-8.04974669434966e-05,"S172",-0.0052220315990622,-0.00276957819230061
0.00284608624883487,0.00811518274425649,0.010291095798298,0.00438243812353889,-0.00603430783408099,"S175",0.0135121666233088,0.0287516921310442
-0.00387983236457745,0.000866662875323332,0.000780969502286677,-0.00513666477085062,0.00816513941551067,"S064",-0.0015990160511119,-0.0136324090944215
-0.00629819075187399,0.00648417886209529,0.0138958806673157,0.00741099496120046,-0.00501570080725422,"S174",0.0068508983830029,0.0120345725835285
-0.0094630879848987,0.00150597455474544,0.000281294913696106,-0.00239288305786745,0.00351729417461244,"S170",-0.010102518636133,-0.0127668016898708
-0.00602232755835375,0.0119815705730547,0.0104548404934077,-0.000785165801584053,0.00468962069858103,"S117",0.00892815595784535,0.0089493721861923
